X1,X2,y
0.04730949,0.3527841,0
0.8225672,-0.5692149,1
-0.30813754,0.26107794,1
0.49289155,-0.0888459,1
1.1567131,-1.2382113,0
0.45308614,0.6043664,1
0.9248521,0.21774806,1
1.7337859,0.5237643,1
2.6385021,0.52627236,1
0.11846982,-0.40452236,1
0.73638666,0.4297966,1
-0.32610524,1.162986,1
2.654876,1.0401021,1
-0.1577859,0.1559044,1
0.013229836,0.13881935,0
0.77683336,-1.2864522,1
-0.212967,0.15127194,0
1.5662704,-1.0484663,0
0.7040377,0.5586838,1
1.7971653,-0.4729712,1
-0.7289959,0.5262813,0
0.69662535,-1.5362207,0
0.03501347,1.3315281,1
1.9658053,0.3861592,1
1.4502344,-0.7703428,0
-0.08542854,0.3042263,0
-0.6677337,-0.18863377,0
-0.5324431,-0.013453909,1
2.0113785,0.5291123,1
0.35479832,-0.7575197,1
0.9548129,-0.929665,1
0.46254954,-1.0522851,1
2.3459456,0.6820865,1
0.31238803,-0.46625262,1
1.8441128,0.25398856,0
2.1030674,0.3701315,1
0.27362663,0.012389416,0
1.6952775,0.22903053,0
0.4794566,-0.0056028073,1
2.4700143,1.0928043,1
1.7020142,0.46797857,0
0.39112884,-0.12269344,1
0.46838754,0.14097805,1
0.7181434,0.5883613,1
0.8124751,-1.1505518,1
-0.41005725,0.65305275,0
-0.24748515,-0.8709451,1
0.45567298,-0.838835,1
0.11488333,1.3868712,0
0.8846282,-1.0255723,1
-0.30620056,1.3024783,0
-0.41793337,0.62114567,0
0.41531986,-0.036430184,1
0.011421992,0.30659127,1
0.18960026,-0.33141837,1
0.6153967,0.22145805,1
-0.09327671,0.8963477,1
-0.26868558,1.3989334,1
0.036529973,-0.09045932,1
0.26946476,-0.70752746,1
-0.31080994,0.06127,1
1.0364376,0.7899464,1
0.41526386,-0.5987712,1
2.0330746,0.38605088,1
-0.0037242293,0.31918997,1
0.4317297,-0.7356466,1
0.42100358,-0.56267685,1
1.881827,0.44846454,1
1.9050733,0.31795922,0
0.10041767,-0.16915518,1
-0.049981702,0.2711185,0
2.0988064,0.5319146,1
2.0091085,0.26704732,0
0.6563008,-1.2304817,0
2.1748824,0.42716634,0
1.7676626,0.88350147,1
2.2830474,-0.61071265,1
0.38641185,-0.7268588,1
1.7251801,-0.7154329,1
0.73641187,-0.011723282,1
1.0888642,-0.9849017,1
0.2872767,-0.9914973,1
0.9717681,-1.070786,1
0.24833636,0.27112165,1
-0.28768355,0.58013207,1
1.8450977,0.14307028,0
0.17439231,-1.0745207,1
1.5304457,-1.0851753,0
0.0686783,-0.3162225,1
-0.60407525,-0.27592936,0
0.23576495,1.063097,1
1.9836777,0.2775003,1
-0.08864518,0.0026646922,1
1.5235741,-1.0465343,0
-0.3065665,0.25405008,1
0.006159685,0.5482532,1
-0.30451685,-0.041227303,0
0.45455772,-0.5123392,1
1.7515165,0.35688704,1
1.9685352,0.50624704,1
0.41671428,-0.66513056,1
1.7952892,0.6134003,1
1.0041872,0.60763043,1
1.6324365,0.3029873,0
0.99843013,-0.85942495,1
1.8359462,-0.49415493,1
-0.8060818,0.09388802,0
1.720446,-0.52090216,1
0.86482656,-1.3136648,0
0.16683426,-1.1634489,1
-0.1730237,1.3200853,1
0.97138095,-0.8943104,1
1.160219,-0.21253859,0
2.0443547,-0.6790736,1
-0.4974586,1.3401476,0
0.34891307,0.86704713,0
1.6079425,-0.26722935,1
1.0938573,-0.2308119,0
1.5431312,0.25056207,0
0.0039210985,0.7881239,0
2.8204122,0.80742645,1
0.3723273,-0.168768,1
0.26896247,0.67708975,1
-0.074744135,-0.05420845,1
-0.05983812,0.62061703,0
-0.033478227,0.3954747,1
0.20648013,-0.094053864,1
0.11700293,0.75677097,1
2.028389,-0.63151324,1
-0.09862781,0.5453814,1
-0.78194356,0.27878326,0
-0.3931052,1.3778259,1
2.5768728,0.8229237,1
0.3991695,0.83839357,1
-0.19801739,1.5229962,0
2.1807706,0.7322609,1
1.3109754,-0.68985313,0
2.7957373,0.76172566,1
0.37200204,-0.67833436,1
1.7237992,0.43571013,0
-0.6180409,0.14408164,0
1.0742179,0.35589084,1
1.7764493,-0.467902,1
0.9842642,-0.21722735,0
0.9534461,0.6690163,1
1.1545801,0.005709417,0
2.71455,0.7268562,1
-0.22140272,0.28894386,1
1.3691798,-0.22811283,0
-0.81303847,0.18586785,0
1.1241176,-1.3893383,0
1.4997507,-0.3849225,0
1.931801,-0.57731277,1
1.7097303,0.31652582,0
1.7831762,0.5124262,1
0.0076507847,0.6281412,0
0.5186074,-0.46984768,1
0.65007806,0.26413864,1
0.55905193,-1.10984,1
0.40363973,0.7237799,0
0.99614763,-0.8811027,1
2.8967662,0.4801393,1
1.015437,-0.95423687,1
0.50295347,-0.18281074,1
-0.07599306,-0.2537158,0
0.432864,0.7900928,0
-0.13151807,0.635095,0
0.22161332,0.549593,1
0.34450203,0.7364397,0
0.67775816,0.7342847,1
0.24946684,-0.52329165,1
0.01890969,0.10582758,0
2.5239391,0.8375838,1
0.58142567,0.039028976,1
-0.15297726,-0.19832668,1
0.32386467,0.011581391,1
0.16345431,-0.037707087,1
1.5802436,0.5939553,1
2.526714,0.46635464,1
0.3243513,0.054995365,1
0.24934487,0.8581706,0
2.0422764,0.6802588,1
-0.05676187,0.43432423,1
0.4569673,-0.44856194,1
-0.34659508,0.56383353,0
-0.058400046,1.4340025,1
-0.3688604,0.03267995,0
1.0856293,-0.27102554,0
-0.5107944,1.1871054,1
0.89118135,-1.17303,1
0.55911607,-0.028745024,1
2.5345101,0.9130606,1
0.3198085,1.6280552,0
-0.012580033,0.3884481,0
1.890873,0.55445707,1
0.36609033,-0.42585236,1
2.7028704,1.0281072,1
0.12577918,-0.39555615,1
0.37665474,1.0502512,0
1.5965786,0.03346813,1
-0.20256218,1.694468,0
1.6483591,-0.87017894,0
-0.38667506,1.5089028,0
0.10407731,2.166277,0
-0.37338778,0.5877635,0
0.548186,-1.095102,1
0.8322036,-1.0677534,0
0.6529373,-0.64435166,1
0.496176,-0.5808955,1
2.1024,0.5700061,1
0.13615485,1.4578718,1
1.3949307,0.50397766,0
2.736915,0.83326274,1
1.7590904,-0.6861894,1
0.9386499,-1.4230862,0
-0.49605876,-0.09699862,0
0.09299713,-0.107364565,1
1.5850532,-1.1299375,0
2.1483116,-1.0599129,1
0.83563876,0.37214062,1
1.5997765,-0.5637905,1
0.4380982,-0.42047933,1
2.2797217,1.113957,1
-0.05424489,-0.2926761,1
0.44127014,-0.47579953,1
1.6206107,0.7275216,1
1.7306956,-0.6795367,1
0.71840906,0.08960897,0
1.2754128,-0.6758436,1
0.039819434,0.36445463,1
0.049618833,-0.19941999,1
0.1943831,0.6465574,0
0.45619813,0.54646075,1
-0.63264304,-0.1468198,0
0.34705925,-0.4879445,1
2.513884,0.7612008,1
0.8829568,-1.0245807,1
-0.10386437,0.019180322,1
0.37386012,1.1249363,1
0.23334505,-0.7039386,1
1.3008723,-1.0503284,0
0.5076732,-0.88316363,1
0.86191666,-1.1552582,0
1.4191772,-0.8558911,0
-0.2191067,0.56446666,0
1.6410507,-0.9445811,1
0.18085943,-1.1099901,1
1.913525,-0.8412372,1
0.84311616,-0.7818592,1
0.30560097,0.17122616,0
2.4823647,0.7575096,1
2.014425,0.34891254,1
1.1247028,0.46511546,0
0.4105813,-0.7670756,1
1.5736145,-1.1486717,0
0.86997885,-0.1429369,1
0.8111619,-0.9289561,0
-0.087297276,0.12960272,1
0.2480768,0.23640442,1
0.39841744,-0.42085335,1
1.443701,-0.40126863,1
0.034981307,-0.5690967,1
1.9124947,-0.50091326,1
0.7177037,0.5714189,1
1.4320927,0.096578695,0
0.3634434,-1.2638259,1
0.0048058205,0.70135736,0
0.500746,0.8580457,1
-0.119299725,0.07004837,0
1.021306,-1.5187988,0
-0.124991,1.1828935,1
0.39072713,-0.074751556,1
0.17527391,-0.519686,1
-0.09061508,0.3847856,0
1.5521487,0.6657073,1
0.36766207,-0.025559342,1
-0.60078245,-0.35938203,0
0.8358981,-1.072401,1
1.677328,0.11101622,1
0.565265,-0.09856881,1
1.6742612,-0.55353516,1
0.68982035,-0.4744166,1
0.14475894,0.06675774,1
1.0406476,-1.2768877,0
-0.7840249,0.68135935,0
0.37703073,-0.7670815,1
0.370314,-0.99764264,1
0.39779663,0.7050015,0
2.5171623,0.7699261,1
-0.4207587,0.28494197,1
-0.17879164,0.14463913,0
0.41797084,-0.6198102,1
0.6448349,-0.3563161,1
0.7757526,0.9654496,1
-0.20037943,-0.33806688,0
1.5575684,-1.1081547,0
0.76027226,0.12684554,1
1.8824518,-0.8138389,1
0.35901698,-0.32809505,1
1.2694261,0.32579765,0
-0.1336929,0.0016043849,1
-0.23274107,0.84101033,0
2.6169906,0.6583583,1
-0.07994672,0.422979,1
0.669875,-1.285992,1
0.25136477,-0.27879214,1
0.5496111,-0.5341653,1
0.30966538,-0.49687302,1
2.6802146,0.9789049,1
0.55686176,0.6363694,1
1.4997214,0.64511573,1
0.68267035,0.7724135,1
-0.13161875,0.46331713,0
0.19125003,-0.7974642,1
2.011659,-0.7915676,1
1.8175895,0.53342694,0
0.22802036,-0.596646,1
0.12452714,0.6253149,0
0.11011131,1.6414014,0
0.7449851,-0.334696,0
1.7337675,0.75846565,1
0.46598113,-1.1139531,1
1.485284,-0.21420468,1
0.46012005,-0.13618805,1
1.9313554,0.392226,1
2.0376296,0.4661202,1
-0.19198127,0.5696487,0
-0.35308856,0.9525396,1
-0.21304916,0.28796807,1
0.110311165,0.40463832,1
0.122640654,1.2797718,1
-0.3850644,0.25321263,0
0.50606865,1.1131352,0
0.50955427,-0.45251682,1
0.15750659,0.051833592,1
-0.34492764,1.2817602,1
0.13487905,0.12206658,0
0.2522961,0.351091,1
1.9575126,-0.70711327,1
-0.17037201,1.5318886,0
1.7801204,0.5861219,1
2.5165384,0.7345628,1
1.888455,0.089558356,0
-0.027875295,0.09519013,1
0.3009776,0.5177633,1
0.8621201,-0.5128621,1
0.44562942,-0.38023394,1
1.5706711,0.36190847,0
0.21981917,-1.0497541,1
2.4935725,0.80870277,1
0.8202459,-0.8306874,1
-0.49182355,-0.04249378,0
0.57157063,-0.7235536,1
2.6517444,0.7487798,1
0.672044,0.5189531,1
0.6916744,0.66957194,1
0.8840722,-1.1771113,1
0.9562604,-0.53511506,1
0.15446383,0.60104614,0
0.2546706,-0.91320163,1
0.5940196,-0.30628544,1
0.01078253,-0.18092255,1
1.732926,-0.616301,1
0.09442144,1.3274837,1
2.0395472,-0.7101192,1
0.6814197,-1.0478575,1
0.60678494,0.729195,1
1.4403282,-0.87262976,0
0.40529004,-0.3686524,1
2.028889,0.95416987,1
-0.05211537,0.39544454,1
0.7422013,0.5312418,1
0.2546914,-1.0226585,1
0.7546902,0.35216615,1
-0.2894713,1.2132089,1
-0.15629646,-0.29512042,1
1.2665854,-0.36215615,0
0.6678965,0.6425167,1
2.0009863,-0.8096482,1
1.7067021,0.28546092,0
0.81091154,-0.68737674,1
2.156777,0.8442464,1
1.1754401,-0.24556129,0
-0.072077334,0.5270375,1
0.8458514,0.75972164,1
2.013859,0.8149807,1
1.8110857,0.42030296,1
1.9260669,-0.44870007,1
1.0168699,-0.8097948,1
0.287424,-0.25757438,1
-0.03827978,1.2874354,0
0.6257784,-0.27788356,0
0.9439167,-0.89715767,1
0.80488133,0.44653845,1
1.1760162,0.3096397,0
1.8862917,-0.95241374,1
0.51544875,-1.2806562,1
2.716249,0.89395493,1
-0.39404973,1.1863681,1
1.9679494,0.14098841,1
0.73195493,-0.8948895,1
0.7193484,-0.7916778,1
0.0049254927,1.5117669,0
1.8035262,0.16651233,0
-0.36530313,0.08312536,0
0.67499083,-1.5288253,0
0.07851175,-0.24645251,1
2.395036,0.6688245,1
0.10679025,-0.6080539,1
0.88355947,-0.8684958,1
0.6921587,-0.70999146,1
-0.2645351,0.16286753,1
-0.25164312,0.57855463,0
-0.07106971,0.76376444,0
1.9173397,-1.1116304,1
1.5802068,-0.8446654,0
0.6190107,-0.60226643,1
0.08274328,-0.9699213,1
0.4132311,-1.0307331,1
0.25763643,-0.47324607,1
1.9967982,-0.53525454,1
0.4069409,-0.2458123,1
0.71263033,0.086712144,1
2.078267,0.34494132,1
0.24484938,-0.78327423,1
1.8404015,-0.69499606,1
-0.19691604,-0.5515376,1
1.2238129,0.02559615,0
1.2227888,-0.080268815,0
-0.16524409,1.397907,0
-0.23138644,1.0059499,1
0.5161804,-0.9312492,1
-0.26236647,0.5300265,0
3.0078642,0.7081562,1
-0.13518587,0.29379877,0
0.31700334,-0.56595504,1
0.2628272,-0.24096836,1
2.4915133,0.8021819,1
1.2628,0.1565371,0
0.9177827,-1.4189445,0
0.45571035,0.8723456,0
1.8210924,-0.82371646,1
2.4505205,0.5786981,1
0.30464876,0.10609527,1
1.7868004,-0.828852,0
1.6875348,0.06461557,0
1.6387877,0.1573451,0
2.0287673,0.5879723,1
0.92508954,0.003902607,0
-0.07363217,1.3788215,1
-0.23356766,0.4735669,1
1.8245314,0.20039237,0
0.31148684,0.1361375,1
-0.55863786,0.52395964,0
0.9131262,-0.31780148,0
-0.05884782,1.2513821,1
-0.340426,-0.3374996,0
0.7536548,-0.90592396,1
1.2209667,-0.23738874,0
0.5425951,-0.5197418,1
0.9777352,-0.9985886,0
0.55756384,-0.62947863,1
-0.32353285,0.3227624,1
0.42504722,0.4641493,1
0.8548556,0.51390487,1
0.5319648,-0.8880116,1
1.847694,0.23534292,0
0.44688407,-0.16191846,1
0.04684314,0.6812276,0
0.11134946,-0.057474755,1
1.6781815,0.4169314,1
2.9411452,0.6210605,1
0.2464244,-0.4838588,1
1.9376826,0.34069398,0
1.5976477,0.7855566,0
0.054290015,0.7938962,0
-0.63129634,0.30663344,0
-0.056549847,-0.08456356,1
-0.79266036,0.04760398,0
0.00929177,0.43209955,1
0.33312052,-0.22515681,1
-0.16590512,-0.13338569,0
-0.22082034,0.5511392,0
-0.11288034,1.9623173,0
0.19382703,-0.25676432,1
-0.3678677,0.47045043,0
-0.16561504,0.12381341,0
1.6726896,-0.9091618,1
-0.21065661,0.3149674,0
3.1403575,0.7175633,1
0.9322905,0.5599156,1
0.48710302,-0.029170329,1
1.1615453,-0.34071153,0
0.21249618,1.2677807,1
2.977971,0.58890796,1
0.3335077,-0.366109,1
1.4999477,-0.8153535,0
1.8277701,0.5177625,1
0.32866126,1.5720048,1
1.2407122,-0.83972424,1
0.47844765,-0.5630607,1
-0.4225593,0.4112732,0
0.30604932,0.12824573,1
2.2586713,-0.95024073,1
0.20965849,0.41346455,1
0.70928985,0.5063201,1
0.19329216,1.7230116,0
0.33044225,0.54720324,1
0.53998953,-0.096542455,1
1.7808615,0.40712658,1
0.5333157,0.2644139,1
0.2331619,0.65571165,0
0.40705818,-0.85613114,1
0.2479564,0.77041805,0
0.20819262,1.7483735,0
0.3971371,-0.19102001,1
0.6652725,-0.39037195,1
1.7786092,0.42214257,1
1.5259023,-1.0071672,0
0.753028,0.47821498,1
0.7652943,-0.6804692,1
0.25166443,-1.2049733,1
2.6129436,0.52376616,1
0.9448467,0.576436,1
0.94928,0.42527053,1
-0.46154884,-0.47947657,0
-0.18152045,1.1442612,1
0.11590873,0.0030875856,1
0.9212178,-0.99302644,1
0.40472493,-0.27017426,1
0.04221992,1.0205144,1
0.103725486,-0.7976289,1
2.9085326,0.9120984,1
0.52752787,-0.9790155,1
1.9059944,0.19488266,0
1.6941941,-0.7211468,1
1.7266468,-1.0213057,0
0.3964778,-0.28714168,1
0.45924887,-0.8000052,1
3.041026,0.6985707,1
1.3615052,0.3398832,0
0.53042006,-0.33194366,1
1.6214625,0.23613225,0
0.54174405,-0.9292257,0
0.16414976,-0.31132898,1
1.7205145,0.41010725,0
2.5940616,0.7853802,1
2.1251135,-0.75687546,1
0.66003907,-0.9909976,1
0.21124995,1.4308417,1
0.011566514,1.0963135,0
0.42519784,-0.3544444,1
0.27273357,1.537968,0
0.15991378,0.6086191,0
1.860495,-1.0917182,1
-0.51111513,-0.030302769,0
1.5898938,-1.1532726,0
2.373361,0.7220224,1
-0.0039877337,0.07921814,1
1.9838346,-1.1028594,1
-0.43005955,-0.35202524,0
-0.30746934,1.3206279,1
1.0300894,0.5152774,1
-0.076106936,0.6328434,0
0.7762219,-0.13705344,0
1.0792048,-1.3434893,0
1.6289377,0.3060678,1
1.8311052,-0.7048516,1
0.47247526,0.446013,1
-0.17838016,1.7347139,0
-0.08012834,0.34704632,1
2.7600055,0.7871976,1
-0.2676518,0.5819289,0
0.039406605,1.0907166,1
1.5746841,0.6687439,0
0.21501042,-0.7294647,1
0.31167558,0.7731033,0
0.7988206,-0.9332983,1
1.929912,0.14739552,0
2.2498696,-0.71983945,1
-0.11703658,1.2810998,1
1.2559483,-1.1145284,0
0.25884387,0.9121208,0
-0.1583033,1.0788517,1
0.28713349,-0.25652695,1
1.1854321,-0.916655,0
-0.1294631,1.3031993,1
0.8166142,0.13791825,1
0.95003134,0.50221735,1
0.34524927,-0.70309234,1
0.422374,0.5568918,1
1.8391186,0.5028767,0
-0.26340234,1.0820348,1
1.6459515,0.3941271,0
1.996102,-0.6367122,1
0.5719998,0.5625632,1
-0.041391555,1.0032359,1
1.4195855,0.50179654,0
0.14995944,-0.9837851,1
0.4748057,-0.5430202,1
1.7387499,0.44220182,1
0.42968446,-0.4874871,1
0.61090326,-0.5519524,1
1.4464792,0.41249457,0
0.5122625,-0.6279095,1
0.42321077,-0.39948225,1
1.6795659,0.33884028,0
0.27700955,-0.0494422,1
1.8067751,0.44905725,0
0.42976302,-0.5242964,1
0.03874132,-0.8141056,1
0.34000304,-0.39421257,1
-0.42148766,0.78888375,1
0.34027362,-0.0116218105,1
3.1160848,0.740403,1
0.370603,-0.6686861,1
1.4098675,-0.887488,0
2.341215,0.8851813,1
-0.12470159,0.56738037,0
2.178399,0.38838577,0
0.13847275,0.8669315,0
1.1962172,-0.1385556,0
1.7409486,0.2926726,0
0.070264876,-1.1819458,1
-0.3351941,0.4118927,0
2.4815803,0.6691183,1
0.61932486,1.0361811,1
1.7404114,0.19359007,0
0.40387473,-0.20087051,1
0.5326248,0.7777024,1
0.28893822,0.93372947,0
0.7906336,-0.94292194,1
-0.2118784,1.6394143,0
-0.14343074,0.52576596,0
1.8266561,-0.5587743,1
-0.20950213,1.1321095,1
-0.78722334,-0.05810451,0
0.09829428,-0.7225144,1
-0.16953853,-0.17377442,0
0.5803789,-0.98302644,1
0.1608791,0.9953741,0
0.9867173,-1.4489967,0
0.31158805,-0.87713265,1
0.18528044,1.6706407,0
0.12827177,-0.89026994,1
0.36085844,1.0616329,0
0.31184107,0.95803744,0
-0.062472805,-0.28300682,1
1.3991952,-1.3291427,0
0.15701109,0.87356216,0
-0.55809826,0.8513515,1
-0.33251768,1.1707709,1
1.0579455,0.2596926,0
0.8562343,-1.3452854,0
-0.006133742,1.276982,1
0.0151618095,-0.043054078,1
0.81984425,-0.8379026,1
0.8837121,-0.9040321,1
0.23456836,-0.018239645,1
1.7238944,-0.9135262,0
1.2030843,-1.2540739,0
1.2418269,0.4017181,0
1.9439526,0.11310059,0
0.3365485,-1.0660005,1
-0.06421853,0.63191354,0
-0.19845293,0.013589418,0
0.388773,0.3989388,1
-0.6817325,-0.14587623,0
2.1229575,-0.533457,1
0.3103422,-0.3364357,1
1.7119937,0.30402422,0
-0.35994247,0.5861574,0
-0.0939495,1.4968382,1
1.775811,0.37366512,0
0.43614596,-0.48708376,1
1.4416108,-0.3296321,0
-0.5089489,-0.042558152,0
-0.632957,0.73163855,0
0.0858356,-0.07121309,1
2.0190983,-0.28966933,1
-0.07882902,0.22780946,0
-0.076497756,1.1098408,1
1.8594043,0.33038253,0
0.838449,-1.0916951,0
0.8077848,0.5017564,1
0.92360854,-1.0865587,0
0.7045287,0.42204562,1
0.7760678,-1.2606633,0
2.4500217,0.40045074,1
-0.56478417,-0.1171744,0
-0.2278586,0.82678705,0
0.49215096,-0.4055804,1
0.9577316,-0.10369137,0
0.44554988,0.86979437,1
0.9296814,-1.3158549,1
1.9475895,0.42598185,1
0.6717913,-0.24737923,1
1.1778915,-1.475699,0
0.2954201,-0.34438118,1
1.1773851,-0.16345438,0
-0.044584736,0.17790367,1
-0.3017264,-0.16765673,0
1.5177279,-0.37823004,0
0.39567408,-0.99574864,1
0.85738677,0.8440196,1
2.718237,0.83829534,1
0.6699992,0.08567627,1
1.2326378,-0.39873,0
0.90349567,0.6227214,1
0.11063565,-0.5399227,1
-0.6086338,0.24259461,0
0.562282,0.4314129,1
-0.13452266,0.15912388,1
0.8702996,-0.76397914,1
0.7616059,-0.2549125,1
1.5217692,-0.6929855,1
0.07992441,1.5921814,0
0.973931,-1.2425381,1
-0.17943496,1.2062002,1
0.7869403,0.42946166,1
0.2960134,0.18909797,1
0.4977976,-0.91843504,1
0.17410977,0.13743989,1
-0.25222012,0.047521558,0
2.310653,-0.5465409,1
-0.31195316,0.2719097,0
-0.39192846,1.4597169,0
-0.421939,-0.072168455,0
-0.20869657,1.2120218,1
0.023020538,0.29843593,1
-0.18588069,1.4474882,1
2.7562034,0.6578239,1
1.3495809,-0.2372576,0
0.6513515,-1.080717,1
0.94063413,-1.0678687,1
-0.15442368,-0.030884797,1
1.8845314,0.50878483,1
0.18749292,0.15641418,1
2.3909962,0.48464713,1
0.99457836,-0.7752641,1
0.64733994,-0.96150106,0
-0.38776612,1.1814057,0
-0.061144806,-0.6735508,1
-0.460671,0.8444584,0
1.2176884,-0.11810701,0
0.43283376,-1.0472333,1
0.10028921,0.046879932,1
-0.6359783,0.055851374,0
-0.71354616,-0.1094527,0
0.3088833,-1.169504,1
2.9055033,0.41364008,1
0.41178226,-1.0714248,1
2.9382756,0.55598146,1
0.56231284,0.055396,1
0.45325777,-0.16754742,1
-0.25907245,0.9272032,1
0.07686232,-0.64721423,1
0.42161828,-0.09361832,1
0.3659736,-0.23951703,1
0.092679076,-0.49596047,1
1.8055297,0.07863569,0
0.3599884,-0.33259243,1
2.1014297,0.70374745,1
0.9966989,-1.0527031,1
1.2092575,-0.76202697,1
1.0000205,-1.4531515,1
0.6122694,0.22232044,1
0.08909454,0.83575416,0
-0.2817154,1.9838433,0
1.8698491,0.6807369,1
0.049359884,0.25220013,1
-0.23048434,0.28424615,1
0.7653953,0.41873404,1
0.2996068,-0.69889265,1
0.7128358,-0.94282055,1
2.1865945,-0.67504543,1
1.8889489,-0.07029643,0
0.4246292,0.43840563,0
2.240401,0.42722237,1
0.06458462,-0.52998894,1
0.9371274,-0.51807404,1
0.6964244,-0.77733374,1
1.7619652,0.66919565,1
0.13664947,-0.6043876,1
1.9748785,-0.71621746,1
-0.52402747,0.40646294,1
0.61662513,-0.44555044,1
0.3220786,0.07793898,1
1.2267795,0.5605013,0
1.4086769,-0.12355764,0
0.8471204,0.6265027,1
-0.08461505,0.15225995,0
-0.09104316,1.2472173,1
2.802873,0.8835765,1
1.6549125,-0.9719495,0
1.9139392,-0.7291941,1
1.1728836,-0.986382,0
0.9664803,-1.1985657,0
-0.72157425,0.17057464,0
1.6629266,-0.88553953,0
1.8364109,0.046010055,0
0.20688118,-0.71862215,1
0.51154095,-0.8537785,1
0.74008614,-1.1471148,0
-0.39204484,0.273869,0
-0.11563097,1.1429272,1
-0.41324586,1.5688903,0
-0.3422676,-0.422913,1
0.3783926,-0.359804,1
0.31669226,0.6085295,0
0.87638104,0.29850277,1
0.28977627,-0.6190609,1
0.9239858,-0.5253684,1
0.25536633,-0.124419145,1
0.43274656,0.69059414,1
-0.24529675,0.7596038,0
0.4077288,-0.65339065,1
1.779313,-0.53776515,1
0.46464017,-1.307726,1
0.9235652,-1.3891495,0
2.471288,0.43698716,1
1.9278709,-0.49000347,1
0.7390068,0.46325934,1
-0.06721801,1.2315884,1
-0.10069385,0.47536156,0
0.016094424,0.46543157,1
-0.08366246,0.5311084,1
-0.035586394,0.7898263,1
0.53944904,-0.26280022,1
0.16599518,-0.55095357,1
0.10769537,-0.17789379,0
-0.35003605,0.15412779,1
-0.1021366,1.2113012,1
1.135912,0.00893355,0
0.5711935,0.716481,1
0.37014592,-0.88872844,1
-0.44893524,0.5739763,0
2.0161364,-0.34079683,1
0.3634131,-0.6907288,1
2.3661385,0.9401704,1
0.1686491,-0.4629807,1
0.31643996,-0.38495484,1
2.6744854,0.8252494,1
0.46949485,-0.3853829,1
0.29575494,-0.11405393,1
-0.3619641,1.011861,1
-0.09773167,0.11173592,1
0.21424639,-0.6862162,1
2.008213,-0.49608633,1
0.79548836,0.3360427,1
0.5786015,-1.1761575,0
1.7839996,-0.66309494,1
-0.10497452,0.09225264,1
-0.3671322,0.40166968,0
-0.09020633,-1.0445867,1
0.8507105,0.647454,1
-0.029289097,1.6873462,0
0.6164247,-0.9687648,1
1.7958549,0.41582057,0
0.76378274,-0.9675985,1
0.5355195,-0.25348708,1
0.7869556,-0.9192968,1
0.16719846,-0.21566677,1
0.31067333,-0.016208151,1
0.43328202,-1.2202076,0
1.3895855,-1.357172,0
0.32383224,-1.1333554,1
-0.24433899,0.20655347,1
0.59501505,0.7192611,0
2.1557846,-0.73412347,1
0.26802343,-0.68020475,1
0.38096288,-0.39052323,1
1.2510931,0.13514447,0
-0.17593698,1.2135879,1
1.6408647,-0.8702871,0
1.517939,-0.73203,0
-0.3779043,-0.044889536,0
1.3771113,-0.76980495,0
0.8944832,0.33778572,1
0.10646693,1.4377723,0
0.8500189,-1.2315363,1
2.0903175,0.417382,1
-0.17136157,1.5674794,0
3.0450566,0.9056067,1
0.7768186,-0.9595599,1
0.67732805,-1.0671076,1
1.3968844,0.22762905,0
0.36622372,-0.25953543,1
0.4915634,-0.9070202,1
1.6874958,-0.57795435,1
0.0036148985,1.3333551,1
-0.71450806,-0.2865091,0
2.0798554,0.5249818,1
-0.45268235,1.2442793,1
2.0762367,0.5223279,0
0.4906414,0.47887024,0
0.2776801,-0.05254432,1
-0.13038646,1.1824088,1
1.4532819,0.45470175,1
1.6658739,0.0044304235,0
0.25262216,-0.076470315,1
-0.4730711,1.0486472,1
1.8920146,0.58220816,1
1.7779424,-0.57291776,1
1.8090966,-0.1025348,0
0.881146,-1.5402124,0
0.3713491,-0.07904109,1
2.7428625,0.8204357,1
1.5845579,0.4486356,0
-0.14179274,0.015625682,1
-0.13671821,-0.08074728,1
1.7734754,-1.0182767,1
2.6457462,0.69350797,1
0.34555417,-0.7189578,1
2.0007443,-0.40595937,1
0.19698928,-1.0733032,1
2.2544315,-0.6016772,1
0.33312216,-0.595587,1
2.9411757,0.95311135,1
0.802887,-1.281298,0
-0.20066047,0.23966347,0
0.16678277,-0.54563093,1
0.3638213,-0.6466635,1
0.21756826,0.02330764,1
0.06315386,0.48258778,0
2.8787484,0.9040777,1
0.37829074,-0.12132325,1
0.43233967,-0.27879226,1
0.5605736,0.09929045,1
0.48328397,0.34263477,1
1.269331,-0.32120588,0
0.42526856,-0.22725436,1
-0.25185335,0.29935956,0
0.14050975,0.71839,0
0.22453119,0.1867787,1
2.7950802,0.7941385,1
1.7049165,-0.7820445,1
0.17239834,0.026307637,1
0.078215525,1.4100969,1
2.0105336,-0.7375715,1
0.18828958,0.03163659,0
0.88160014,-1.1099769,1
2.0431783,-0.9871581,1
-0.35433713,1.3333644,1
1.8447927,0.14232874,0
0.40614945,-0.57025415,1
-0.1979795,1.0145438,1
0.95782346,0.3307554,0
0.7584875,-1.0005339,1
0.8300213,0.65872747,1
1.9383056,-0.9497338,1
1.8498956,0.39830223,0
-0.3571895,0.074712634,1
1.687917,0.30291012,0
1.7769054,-0.7167884,1
0.6456943,0.8023781,0
-0.21241608,0.12361938,0
1.7062292,-0.4677653,1
2.7341611,0.42612642,1
-0.12727676,1.7397962,0
0.19759761,-0.6217237,1
1.4278197,-1.0227534,0
1.1472932,-1.040022,0
-0.114961825,1.2338288,1
-0.019205382,0.3272261,1
0.8754851,-1.0513107,1
-0.16110018,0.18425706,1
0.6381769,0.5236591,1
-0.45479557,0.667752,0
0.70301986,-1.1434762,1
2.351121,0.53208005,1
0.6245304,0.28693926,1
1.596475,0.24253608,0
1.991213,0.33347622,1
-0.46454835,0.8421714,0
0.3117809,-0.36167043,1
1.3968956,-1.066323,0
1.9304928,0.38730216,1
-0.2856905,0.5986603,0
1.832353,0.50289667,0
0.14426935,1.17213,1
0.30464947,0.09937223,1
-0.19505829,1.0670737,1
0.59208447,-0.105947375,1
0.16205639,1.2887678,0
1.0657829,-0.938654,1
1.8633168,0.7545975,1
2.0506613,0.37608963,0
2.1157358,0.22716403,1
1.1284721,-1.0602322,1
1.5248727,-0.5907839,1
0.52353245,0.576169,1
0.64874965,0.63478076,1
0.1999049,-0.8031593,1
1.8014497,-0.6211397,1
1.6613122,0.26514956,0
-0.15663828,0.98735654,1
1.5551238,0.15409744,0
0.07956,0.44753382,1
0.27318513,1.3427765,1
2.6125827,0.4923665,1
0.2036214,0.23012148,1
0.3648749,-0.27962527,1
1.7014139,-0.57763845,1
0.3535096,-0.6479066,1
0.21925196,-0.8658017,1
0.4424156,0.62170583,1
0.5521062,0.78995866,0
0.53481543,0.07605803,1
1.8896941,0.52001,1
0.63373977,0.24857308,1
1.5130918,-0.13188477,0
0.31688023,1.4773313,0
-0.06417942,0.5926568,0
0.28941262,-0.16195498,1
0.3671402,0.5507443,0
0.7638886,0.5798528,1
2.2895253,0.78401935,1
0.32910252,0.88069427,0
0.33275092,-1.1476736,1
1.2543766,-0.03700488,0
0.5389012,0.23185545,1
2.539091,0.89275867,1
0.5259671,0.5788703,1
1.7576634,0.08109315,0
0.69657165,-1.2388829,1
1.1737213,0.08665302,0
1.0967987,-1.1934321,0
0.576912,-0.7308595,1
1.7089896,-0.63093454,1
-0.3810612,1.2100003,1
0.9462786,0.43056035,1
0.12674874,0.25723234,0
0.2932307,-0.8787708,1
1.5932348,0.29745546,1
0.9053892,-0.9889951,1
-0.26542783,1.1053617,1
1.6994597,-0.074108474,0
1.4018825,0.53447264,0
0.30913556,-0.8707761,1
0.1717987,1.3124853,0
0.007513076,-0.1340077,1
-0.46349835,0.27153212,1
1.7979852,-0.21993633,0
0.3140832,-0.15050742,1
1.2352197,-0.12320475,0
1.9185842,-0.7752568,1
0.98668844,-0.8427952,0
0.22920114,-0.21752468,1
0.001498013,-0.91029316,1
0.97910565,0.5097334,1
1.5875434,-1.0275791,0
0.08221196,0.17510536,1
0.54971915,0.369417,1
0.9785905,-0.3010107,0
0.14780891,-0.14016704,1
-0.017087,-0.06764244,1
0.9026225,-1.3391621,0
0.7453068,-1.4312658,0
2.6094918,0.7130531,1
0.34831983,0.20840245,1
1.6879482,0.21018928,0
1.6572784,0.54387844,0
0.39114758,0.14115244,1
2.026305,0.79008764,1
2.9188523,0.6827211,1
0.24393395,-0.4802021,1
-0.27647188,1.0169542,1
-0.14187606,0.18196498,1
-0.4116005,0.6233376,0
1.8628197,0.102916345,0
0.35407263,0.7399329,0
2.1828003,0.2686248,1
0.8787708,0.450225,1
0.6043918,0.84045184,1
2.3724945,0.7975094,1
-0.108952664,0.45426401,1
0.61271673,-0.9840704,1
0.39353377,-0.23780756,1
0.7241294,-0.0031145373,0
0.47153398,-0.8530001,1
1.4811071,-1.0439905,0
2.8958251,0.55657876,1
-0.47346795,0.56044614,1
0.63769203,-0.36747408,1
-0.018502979,-0.0075200056,1
-0.14240184,1.5567762,0
1.698789,0.1405902,0
1.7506212,-0.45309478,1
1.0940875,-0.48737153,1
1.7367904,0.41640514,1
2.143334,0.43785003,1
-0.20733307,1.8752688,0
0.31718433,-0.61494374,1
2.9750102,0.653817,1
0.12521268,-0.44553298,1
0.83813316,-1.5753947,0
0.20937641,-0.8917411,1
0.20799387,1.4210811,1
0.923131,-1.2898772,0
0.92278385,-0.94480795,1
0.6371255,-0.77901006,1
1.2422985,-0.49152508,0
0.21257168,1.9097357,0
0.24942501,-0.87795275,1
-0.5844139,1.0013597,1
0.19554746,-0.17141142,1
0.7734641,-0.960442,0
1.1180227,0.48009926,1
0.720343,-0.90465647,0
0.5956683,-1.0410316,0
0.24974,1.4099377,1
-0.4809543,0.1880104,1
0.07702464,1.6184043,0
-0.0935426,0.2672461,0
1.9743838,0.63294643,1
0.6724598,-0.80770963,1
1.2794193,-1.1849217,0
1.8787268,-1.1980462,1
1.3221301,0.21395917,0
-0.08524099,0.19801478,1
2.3825903,0.6945441,1
0.56187415,-0.56999755,1
1.6315849,0.7942431,0
-0.09556641,1.1169654,1
0.4533501,0.17769004,1
0.34706107,0.46679986,0
2.2579024,0.14597012,0
0.40811816,-0.114752755,1
0.5768875,-0.87509054,1
2.4874551,0.8366713,1
1.5172408,-1.4127907,0
1.8175273,0.06555256,0
0.45049858,-0.9898061,1
0.5756562,0.5138438,1
-0.29331943,0.10368321,1
0.9114058,-0.3372016,0
0.057014935,0.3396674,0
1.8288448,-0.69097185,1
-0.23078781,1.2742937,1
0.88935506,0.47457945,1
1.9474635,-0.83585423,1
1.5999146,0.25207326,0
1.7367247,-0.46492928,1
0.5367476,0.4745085,1
-0.09236941,0.14493991,1
2.5542097,0.3277913,1
1.8916489,0.5184522,1
0.7877279,0.52385736,1
1.4688177,0.54509825,0
0.1432245,1.5294144,0
2.0084193,0.6424609,1
-0.47645918,1.2598155,1
1.045282,-0.8457643,1
0.11351187,-0.113956794,1
2.7650352,0.65198755,1
1.7490461,0.32452485,0
0.88548595,-1.2372736,0
0.6648838,-0.747984,1
-0.09823902,0.82298994,0
0.87738705,-0.79956084,1
1.5708567,0.29640514,1
0.04720391,1.1231252,1
0.26862317,-0.08205647,1
0.4282372,-1.1398418,1
1.8123285,-0.5475971,1
1.8848727,-0.99523,0
0.7679589,-0.86731404,1
0.39658603,0.67966986,0
1.9479003,0.3211016,1
2.1955712,-0.43670502,1
-0.20178458,-0.15332639,0
-0.10090558,1.1673814,1
0.33626145,0.15362626,1
1.9887867,0.012034692,0
0.2618928,0.370571,1
-0.12041632,-0.15222728,0
0.033103213,-0.17478229,1
0.3184896,1.0176579,0
1.9995766,-0.54530925,1
2.8159378,0.61072475,1
1.0481155,0.5317123,1
0.77824,0.35943928,1
0.59412897,-0.070547834,1
1.613549,0.46854404,1
2.5715883,0.786089,1
2.851621,0.8745577,1
1.8021532,0.7532073,0
0.92355645,-0.8914997,1
1.9612132,0.47596702,1
0.46240947,-0.23434828,1
-0.12070961,0.25382417,1
0.30479208,-0.19710992,1
-0.6042591,0.8420907,0
0.75104,-0.89692104,1
1.7560527,0.5880239,0
0.57356375,0.5509163,0
0.53627646,-0.8874234,1
0.031282287,0.36825323,0
0.11427184,-1.0425698,1
1.0872251,0.27944812,1
0.22418597,-0.9084218,1
0.2810443,-0.28982225,1
0.7035608,-0.07263107,0
-0.5545058,0.920565,0
-0.07605175,0.8081895,1
0.55129623,0.96462274,0
1.6404574,0.5717275,0
3.056355,0.82087433,1
1.0016034,-0.9490169,0
0.0039655473,-0.8232442,1
-0.05766278,1.4611197,1
0.75262105,-0.8098445,1
2.6020513,0.5896267,1
0.49978098,0.6377968,0
0.23432383,-0.5281283,1
1.1390566,-0.8272069,1
2.7854705,0.84948707,1
-0.29268846,0.97594106,1
0.28526098,0.2541224,1
1.9218827,-0.72809577,1
1.4581107,0.2754463,0
0.17556778,-0.6479587,1
0.2767732,-0.10909723,1
-0.17426851,0.25546372,0
1.0135925,0.48421407,0
1.3378664,-1.1233885,0
1.8882905,0.5710338,0
0.6450632,0.32726416,1
0.2874484,-0.83828604,1
-1.0609969,-0.15825434,0
0.099719845,0.16555963,1
0.7250779,-1.3830127,0
0.05898776,-0.03954095,1
0.4958889,-0.92183375,1
0.027242703,0.94113916,0
1.791319,0.38165665,1
0.9169133,-0.89401275,1
1.6637012,-0.9816737,0
0.6386813,-1.044908,1
1.9139056,0.38720232,1
2.8281114,0.84494144,1
0.7888584,1.0034758,1
-0.02151283,0.50026023,0
0.28427458,0.27441615,1
0.038650237,1.4627875,0
2.1044443,0.4863515,1
1.9677631,0.22738819,0
0.6195311,0.35440624,1
0.24184148,0.40175515,0
1.3622144,0.28810328,0
0.69492227,-0.6586486,1
-0.3679828,0.156533,0
-0.23732352,1.2092462,1
0.17233972,-0.069592915,1
-0.7183536,-0.21383868,0
0.44560894,-0.30097795,1
0.16594674,1.0675504,1
0.61238974,-1.0199134,1
0.4087846,0.5308126,1
0.06788855,1.1448843,1
0.39471614,-0.14318319,1
0.9412169,-0.8273798,1
2.1094484,0.7940695,1
-0.27268532,1.1099545,1
0.53497744,0.2319347,1
0.113103904,-0.100420214,1
0.6181349,1.002478,1
1.4513794,0.5099934,0
0.7533551,0.3695887,1
0.15622656,-0.8510198,1
2.7828648,0.75600433,1
0.9515319,-0.6172358,1
0.67198247,-0.5957632,1
-0.07530745,-0.46086913,1
0.34959346,0.040038884,1
1.6637471,-1.6633471,0
0.15097316,-0.8707787,1
0.67618287,-0.46694818,1
1.7401618,-0.6311198,1
1.607218,-1.1249815,0
0.94758224,-1.263266,0
1.8123016,0.5449621,1
0.32734826,0.27895558,1
1.8642728,-0.44503674,1
0.25492424,0.023466825,1
0.48892406,-0.11629476,1
0.16944458,0.31394702,1
-0.043846995,-0.07511095,1
0.5479572,-0.07193398,1
2.2633321,0.34014514,1
0.040700845,-0.28701487,1
1.4239022,-1.2173649,0
-0.47763523,-0.030275378,0
1.2049129,0.0700261,0
2.802303,1.0964816,1
0.45016682,0.098792225,1
0.1257533,0.20164526,1
1.6322442,-0.7024001,1
0.073871024,0.58082587,1
-0.33271205,0.6236855,1
0.30283627,-0.18054226,1
1.2370174,-1.128655,0
2.5845165,0.8915685,1
2.734064,0.6257081,1
1.5728464,0.15121146,0
-0.07063713,-0.062465716,1
1.5529078,0.2839683,0
2.0758553,-0.89360166,1
-0.15797783,0.32409906,0
1.7184583,0.6317898,1
1.6978751,-0.58886707,1
0.74601346,-0.759081,1
0.5459782,0.49366456,1
0.17013317,-0.016174654,1
0.65669423,-0.9617546,1
-0.059844222,0.2323736,1
1.0899777,-0.6822684,1
0.31638527,0.020866236,1
0.7445402,-0.85297614,1
0.21385284,-0.002622564,1
0.48182902,-0.25694144,1
-0.5466582,-0.12054367,0
2.628395,0.8752864,1
2.582392,0.32747453,1
0.9404547,-1.305928,0
0.35767916,-1.1489644,1
1.747099,0.52497965,0
1.7426221,0.47731373,1
0.42109036,-0.07612834,1
1.7783822,0.47067073,1
1.7375555,0.07231403,0
-0.4988187,0.041392352,0
0.7586879,0.54266083,1
0.78626907,0.68368924,1
0.3601691,-0.2981292,1
1.5382092,0.26864988,0
2.666187,0.4233123,1
-0.15088205,0.59570724,1
0.09332288,0.23257868,1
1.292318,-1.3069316,0
0.09591759,0.8282649,1
0.38791245,-0.45746258,1
0.63947827,0.40942955,1
1.4612359,0.24225827,0
0.56111026,-0.38803092,1
1.1107674,-1.078982,1
2.7572303,0.91978216,1
1.6179308,0.13377242,0
0.6386202,0.723419,1
-0.17614394,-0.18485098,1
-0.23261435,0.17240351,0
0.7890661,-0.3312941,1
1.728689,0.5478988,1
0.38630176,-1.1533546,1
-0.46168295,1.2663281,1
-0.72769594,-0.30090863,0
0.6836264,0.9351546,1
1.5966319,-0.5743653,0
2.623156,0.47503302,1
-0.15929714,0.55954444,0
0.17807397,1.8683246,0
0.6320161,0.7084727,1
2.134728,0.40752348,1
0.7729807,-0.045951497,0
0.8813449,0.66517746,1
0.21788403,0.088672094,1
-0.087368205,0.83992547,0
1.8860408,-0.6488772,1
0.5725969,-1.3324369,0
0.33635122,-1.0063621,1
0.4491151,-0.870204,1
0.36110666,1.4037269,0
0.7198329,-0.84975696,1
-0.08624709,1.0842234,1
0.9281007,-0.94161034,1
1.264315,-1.2501135,0
0.31368104,-0.5677642,1
0.8237379,-1.1485759,1
0.03493802,1.9629711,0
2.314961,-1.0815948,1
-0.31214103,1.2981133,1
0.8385247,0.75482845,1
0.54273725,-0.11892056,1
1.2673453,-0.105950624,0
1.5525005,0.48931998,0
1.6403544,-0.7221509,1
0.6981977,-1.2800198,0
0.19046438,0.9176413,0
0.007275778,0.23662706,1
0.02437424,0.010205298,0
1.6465868,0.26566774,0
0.3210081,-0.3666076,1
-0.23723316,0.62576175,0
1.9529647,-0.9608357,1
-0.059429046,0.61229414,0
-0.647389,0.099355996,0
0.24548458,0.062972754,1
0.8876751,-1.3054432,0
0.38493708,0.6921138,0
1.1058726,-1.0376768,1
2.1393147,-0.45981756,1
0.5759763,-0.52108103,1
0.2182443,0.7542208,0
0.014218222,-0.29259834,0
0.8290152,0.3520992,1
0.96776724,-0.30379525,0
-0.5895563,0.7331362,0
0.24957983,0.98598045,1
1.7076334,0.34867746,0
1.1547022,-0.95935947,0
2.9310062,0.72281253,1
0.7411573,-1.0914158,0
0.90760493,-1.0102457,1
1.1937345,-0.47121954,0
1.0152771,-0.56087285,0
1.0012532,-1.3549428,1
2.074131,-0.8817432,1
3.0775678,0.8081233,1
1.09646,-1.2323271,0
-0.20381522,0.34151122,0
0.45283216,-0.06547723,1
0.091570474,-1.2442826,1
0.09500987,-0.589194,1
0.028709128,0.19285503,0
2.0149357,-1.2207528,1
1.8997186,-0.008639841,0
1.674993,0.28660205,0
-0.14243649,0.54968697,1
0.34731114,0.1069924,1
0.07719885,0.34058425,1
-0.3396573,1.0869013,1
-0.34304217,1.064973,1
0.87539214,-1.2576432,0
-0.40622047,-0.25775105,0
0.57270783,-1.0824441,1
-0.26077637,0.8390435,0
1.573975,0.12294566,0
1.5105157,0.17588423,0
0.055349655,1.0621928,1
1.8565264,-0.81299967,1
1.0903382,-1.0736133,1
-0.06308215,0.02666525,0
0.15599456,1.9685752,0
0.17303361,0.21281372,1
1.1256526,-1.3640171,0
-0.23186858,1.2006361,1
2.4856281,0.64487314,1
-0.10141515,-0.04087,1
1.549919,0.5713674,0
1.4409271,-0.82376677,1
2.484968,0.5827794,1
0.33903277,0.07263788,1
-0.115727045,0.58669096,0
1.5670581,-1.1555655,0
0.22746563,-0.8470029,1
1.882663,-1.0642712,1
-0.28990304,1.2429861,1
0.5622009,-0.48414326,1
0.8055128,0.86370146,1
0.30105674,-0.9999688,1
-0.43885568,0.68130827,0
1.4228585,-0.6240936,0
1.4477937,-0.6367351,1
0.23364617,-0.77438056,1
0.3790787,0.2797396,1
2.8260012,0.8402696,1
1.445507,0.37405476,0
0.069462314,-0.8789863,1
-0.040935084,0.59874296,0
1.2046899,-0.14236592,0
1.7954682,0.62837654,1
0.8397494,-0.54190415,1
0.3166271,-0.9451354,1
2.7299535,0.47464463,1
-0.41794372,0.95179963,1
1.998806,0.54180723,0
1.0078913,-0.67528373,1
0.38975963,0.22461495,1
0.6939083,-1.4883751,0
0.97226185,-0.86098075,1
1.8261448,-1.0865235,1
0.9654556,-0.73056275,0
1.5609652,0.51644075,0
-0.5920279,-0.11070189,0
-0.48804674,0.59379995,0
0.3098905,-0.2021902,1
1.2229774,-0.8041142,1
1.9671468,0.42484543,1
-0.24935554,-0.19072454,0
1.1806868,0.5741009,1
-0.32605702,-0.03152263,0
0.99723667,-0.6288535,1
0.41099542,0.70936346,0
1.5648317,-0.3639177,1
0.39742985,-0.36122268,1
0.35733935,-0.18668306,1
-0.6426921,-0.4029187,0
-0.023136143,0.9500915,0
0.10562145,-0.9132939,1
